"","PlayerId","TeamName","PositionText","PlayedPositionsRaw","Height","Weight","FirstName","LastName","DateOfBirth","Ranking","PositionShort","PositionLong","Name","Age","GameStarted","SubOn","SubOff","Yellow","SecondYellow","Red","Goals","Assists","TotalPasses","AccuratePasses","AerialWon","AerialLost","TotalTackles","Interceptions","Fouls","OffsidesWon","TotalClearances","WasDribbled","TotalShots","ShotsOnTarget","ShotsBlocked","OwnGoals","KeyPasses","Dribbles","WasFouled","Offsides","Dispossesed","Turnovers","TotalCrosses","AccurateCrosses","TotalLongBalls","AccurateLongBalls","TotalThroughBalls","AccurateThroughBalls"
"151",374,"Germany","Delantero","-AMC-FW-",184,84,"Miroslav","Klose",1978-06-08 19:00:00,13,"AM(C),FW","Attacking Midfielder (Center) / Forward","Miroslav Klose",36,1,0,1,0,0,0,0,0,19,11,4,5,1,0,0,0,0,0,0,0,0,0,0,0,2,0,4,3,0,0,2,1,0,0
"89",1212,"Colombia","Arquero","-GK-",191,94,"Faryd","Mondragón",1971-06-20 19:00:00,20,"GK","Goalkeeper","Faryd Mondragón",43,0,0,0,0,0,0,0,0,0,0,0,0,0,0,0,0,0,0,0,0,0,0,0,0,0,0,0,0,0,0,0,0,0,0
"28",2179,"Belgium","Defensa","-DC-",197,96,"Daniel","van Buyten",1978-02-06 19:00:00,5,"D(C)","Defender (Center)","Daniel van Buyten",36,1,0,0,0,0,0,0,0,38,29,4,0,2,4,1,1,3,0,0,0,2,0,0,0,0,0,0,1,0,0,6,2,0,0
"162",4173,"Netherlands","Mediocampo","-AML-AMR-FW-",180,80,"Arjen","Robben",1984-01-22 19:00:00,1,"AM(LR),FW","Attacking Midfielder (Left, Right) / Forward","Arjen Robben",30,1,0,0,0,0,0,0,0,48,42,2,1,1,0,1,0,0,1,5,0,0,0,4,8,8,2,3,3,13,4,4,4,1,0
"15",4445,"Argentina","Mediocampo","-AMC-AML-AMR-",180,75,"Maximiliano","Rodríguez",1981-01-01 19:00:00,15,"AM(CLR)","Attacking Midfielder (Center, Left, Right)","Maxi Rodríguez",33,0,0,0,0,0,0,0,0,0,0,0,0,0,0,0,0,0,0,0,0,0,0,0,0,0,0,0,0,0,0,0,0,0,0
"136",4563,"France","Arquero","-GK-",184,80,"Mickaël","Landreau",1979-05-13 19:00:00,21,"GK","Goalkeeper","Mickaël Landreau",35,0,0,0,0,0,0,0,0,0,0,0,0,0,0,0,0,0,0,0,0,0,0,0,0,0,0,0,0,0,0,0,0,0,0
"165",4564,"Netherlands","Delantero","-FW-",183,71,"Robin","van Persie",1983-08-05 19:00:00,4,"FW","Forward","Robin van Persie",30,1,0,0,0,0,0,0,0,28,20,1,3,0,0,5,0,1,0,5,4,0,0,1,1,0,5,0,2,1,0,4,3,0,0
"149",4567,"Germany","Mediocampo","-MC-",183,79,"Bastian","Schweinsteiger",1984-07-31 19:00:00,11,"M(C)","Midfielder (Center)","Bastian Schweinsteiger",29,1,0,0,1,0,0,0,0,53,45,0,1,1,0,3,0,3,2,0,0,0,0,1,0,0,0,1,0,0,0,4,2,0,0
"172",4608,"Netherlands","Mediocampo","-DMC-",174,72,"Nigel","de Jong",1984-11-29 19:00:00,11,"DM(C)","Defensive Midfielder (Center)","Nigel de Jong",29,0,0,0,0,0,0,0,0,0,0,0,0,0,0,0,0,0,0,0,0,0,0,0,0,0,0,0,0,0,0,0,0,0,0
"68",4871,"Brazil","Defensa","-DL-DMC-",176,73,"Maxwell","Cabelino Andrade",1981-08-26 19:00:00,22,"D(L),DM(C)","Defender (Left) / Defensive Midfielder (Center)","Maxwell",32,0,0,0,0,0,0,0,0,0,0,0,0,0,0,0,0,0,0,0,0,0,0,0,0,0,0,0,0,0,0,0,0,0,0
"170",4923,"Netherlands","Mediocampo","-AMC-AML-",170,67,"Wesley","Sneijder",1984-06-08 19:00:00,9,"AM(CL)","Attacking Midfielder (Center, Left)","Wesley Sneijder",30,1,0,0,0,0,0,0,0,85,70,0,0,0,1,1,0,0,0,5,2,0,0,2,0,1,0,2,0,6,1,14,8,0,0
"9",5070,"Argentina","Defensa","-DC-",181,85,"Hugo","Campagnaro",1980-06-26 19:00:00,9,"D(C)","Defender (Center)","Hugo Campagnaro",34,0,0,0,0,0,0,0,0,0,0,0,0,0,0,0,0,0,0,0,0,0,0,0,0,0,0,0,0,0,0,0,0,0,0
"160",5490,"Germany","Arquero","-GK-",188,85,"Roman","Weidenfeller",1980-08-05 19:00:00,22,"GK","Goalkeeper","Roman Weidenfeller",33,0,0,0,0,0,0,0,0,0,0,0,0,0,0,0,0,0,0,0,0,0,0,0,0,0,0,0,0,0,0,0,0,0,0
"147",5570,"Germany","Defensa","-DL-DMC-DR-",170,66,"Philipp","Lahm",1983-11-10 19:00:00,9,"D(LR),DM(C)","Defender (Left, Right) / Defensive Midfielder (Center)","Philipp Lahm",30,1,0,0,0,0,0,0,0,54,48,1,0,2,1,1,0,6,1,0,0,0,0,0,0,0,0,0,0,0,0,4,3,0,0
"74",5689,"Colombia","Defensa","-DC-",186,83,"Mario","Yepes",1976-01-12 19:00:00,5,"D(C)","Defender (Center)","Mario Yepes",38,1,0,0,1,0,0,0,0,18,14,0,1,6,3,1,0,2,1,0,0,1,0,0,0,0,1,0,0,0,0,1,1,0,0
"51",5780,"Brazil","Defensa","-DC-DR-",173,64,"Daniel","Alves da Silva",1983-05-05 19:00:00,5,"D(CR)","Defender (Center, Right)","Dani Alves",31,0,0,0,0,0,0,0,0,0,0,0,0,0,0,0,0,0,0,0,0,0,0,0,0,0,0,0,0,0,0,0,0,0,0
"7",5840,"Argentina","Defensa","-DC-DMC-",184,80,"Martín","Demichelis",1980-12-19 19:00:00,7,"D(C),DM(C)","Defender (Center) / Defensive Midfielder (Center)","Martín Demichelis",33,1,0,0,0,0,0,0,0,32,27,3,4,0,3,0,1,6,0,0,0,0,0,0,0,1,0,0,0,0,0,3,1,0,0
"154",6040,"Germany","Delantero","-AMC-AML-FW-",182,83,"Lukas","Podolski",1985-06-03 19:00:00,16,"AM(CL),FW","Attacking Midfielder (Center, Left) / Forward","Lukas Podolski",29,0,0,0,0,0,0,0,0,0,0,0,0,0,0,0,0,0,0,0,0,0,0,0,0,0,0,0,0,0,0,0,0,0,0
"134",6235,"France","Mediocampo","-DMC-",172,64,"Rio","Mavuba",1984-03-07 19:00:00,19,"DM(C)","Defensive Midfielder (Center)","Rio Mavuba",30,0,0,0,0,0,0,0,0,0,0,0,0,0,0,0,0,0,0,0,0,0,0,0,0,0,0,0,0,0,0,0,0,0,0
"144",6292,"Germany","Defensa","-DC-",198,90,"Per","Mertesacker",1984-09-28 19:00:00,6,"D(C)","Defender (Center)","Per Mertesacker",29,0,0,0,0,0,0,0,0,0,0,0,0,0,0,0,0,0,0,0,0,0,0,0,0,0,0,0,0,0,0,0,0,0,0
"123",6410,"France","Defensa","-DL-",173,76,"Patrice","Evra",1981-05-14 19:00:00,8,"D(L)","Defender (Left)","Patrice Evra",33,1,0,0,0,0,0,0,0,37,23,4,2,4,0,4,0,4,0,0,0,0,0,1,2,3,0,2,0,4,1,6,1,0,0
"66",6683,"Brazil","Defensa","-DC-",188,87,"Dante Bonfim","Costa Santos",1983-10-17 19:00:00,20,"D(C)","Defender (Center)","Dante",30,0,0,0,0,0,0,0,0,0,0,0,0,0,0,0,0,0,0,0,0,0,0,0,0,0,0,0,0,0,0,0,0,0,0
"3",7415,"Argentina","Defensa","-DC-DMC-",174,74,"Javier","Mascherano",1984-06-07 19:00:00,3,"D(C),DM(C)","Defender (Center) / Defensive Midfielder (Center)","Javier Mascherano",30,1,0,0,0,0,0,0,0,44,39,1,2,3,1,1,0,7,0,0,0,2,0,2,0,1,0,0,1,0,0,10,7,1,0
"171",7516,"Netherlands","Mediocampo","-AMC-AML-AMR-FW-",184,77,"Dirk","Kuyt",1980-07-21 19:00:00,10,"AM(CLR),FW","Attacking Midfielder (Center, Left, Right) / Forward","Dirk Kuyt",33,1,0,0,0,0,0,0,0,73,55,6,4,0,0,1,0,3,1,1,0,0,0,1,2,0,0,1,0,7,1,6,4,0,0
"55",8007,"Brazil","Defensa","-DR-",184,77,"Maicon Douglas","Sisenando",1981-07-25 19:00:00,9,"D(R)","Defender (Right)","Maicon",32,1,0,0,0,0,0,0,0,29,21,1,1,2,3,2,0,2,1,0,0,0,0,0,2,1,0,0,1,1,0,1,0,0,0
"175",8013,"Netherlands","Delantero","-AMR-FW-",186,78,"Klaas-Jan","Huntelaar",1983-08-11 19:00:00,14,"AM(R),FW","Attacking Midfielder (Right) / Forward","Klaas-Jan Huntelaar",30,0,1,0,1,0,0,0,0,6,4,0,4,1,0,2,0,0,0,0,0,0,0,1,0,0,0,0,1,0,0,2,1,0,0
"30",10136,"Belgium","Defensa","-DC-",190,85,"Vincent","Kompany",1986-04-09 18:00:00,7,"D(C)","Defender (Center)","Vincent Kompany",28,1,0,0,0,0,0,0,0,41,34,1,0,5,3,1,0,3,1,1,0,1,0,0,1,1,0,2,1,0,0,8,5,0,0
"36",10138,"Belgium","Defensa","-DR-",185,78,"Anthony","Vanden Borre",1987-10-23 19:00:00,13,"D(R)","Defender (Right)","Anthony Vanden Borre",26,0,0,0,0,0,0,0,0,0,0,0,0,0,0,0,0,0,0,0,0,0,0,0,0,0,0,0,0,0,0,0,0,0,0
"42",10209,"Belgium","Defensa","-DC-DL-",180,75,"Thomas","Vermaelen",1985-11-13 19:00:00,19,"D(CL)","Defender (Center, Left)","Thomas Vermaelen",28,0,0,0,0,0,0,0,0,0,0,0,0,0,0,0,0,0,0,0,0,0,0,0,0,0,0,0,0,0,0,0,0,0,0
"1",11119,"Argentina","Delantero","-AMR-FW-",169,67,"Lionel","Messi",1987-06-23 19:00:00,1,"AM(R),FW","Attacking Midfielder (Right) / Forward","Lionel Messi",27,1,0,0,0,0,0,0,0,24,19,0,0,2,0,3,0,0,0,2,1,0,0,1,5,2,0,5,2,3,0,5,4,2,1
"120",11367,"France","Defensa","-DR-",177,76,"Mathieu","Debuchy",1985-07-27 19:00:00,5,"D(R)","Defender (Right)","Mathieu Debuchy",28,1,0,0,0,0,0,0,0,33,25,2,0,5,2,1,0,6,0,0,0,0,0,0,0,2,1,0,1,1,0,4,4,0,0
"33",12187,"Belgium","Mediocampo","-FW-MC-MR-",185,82,"Mousa","Dembélé",1987-07-15 19:00:00,10,"M(CR),FW","Midfielder (Center, Right) / Forward","Mousa Dembélé",26,0,0,0,0,0,0,0,0,0,0,0,0,0,0,0,0,0,0,0,0,0,0,0,0,0,0,0,0,0,0,0,0,0,0
"125",12376,"France","Mediocampo","-MC-",175,71,"Yohan","Cabaye",1986-01-13 19:00:00,10,"M(C)","Midfielder (Center)","Yohan Cabaye",28,1,0,1,0,0,0,0,0,46,37,0,2,4,4,2,0,1,0,0,0,1,0,1,0,0,0,0,0,1,1,8,4,0,0
"146",13754,"Germany","Arquero","-GK-",193,92,"Manuel","Neuer",1986-03-26 19:00:00,8,"GK","Goalkeeper","Manuel Neuer",28,1,0,0,0,0,0,0,0,28,13,0,0,0,0,0,0,0,0,0,0,0,0,0,0,0,0,0,0,0,0,17,4,0,0
"143",13756,"Germany","Mediocampo","-AMC-AML-AMR-",183,76,"Mesut","Özil",1988-10-14 19:00:00,5,"AM(CLR)","Attacking Midfielder (Center, Left, Right)","Mesut Özil",25,1,0,1,0,0,0,0,0,26,22,0,0,2,0,0,0,0,1,0,0,0,0,1,0,0,0,0,2,2,1,1,1,0,0
"152",13764,"Germany","Mediocampo","-DMC-",189,85,"Sami","Khedira",1987-04-03 18:00:00,14,"DM(C)","Defensive Midfielder (Center)","Sami Khedira",27,1,0,0,1,0,0,0,0,35,27,0,1,1,0,2,0,2,3,0,0,0,0,0,1,0,0,2,0,0,0,1,0,1,0
"102",14051,"Costa Rica","Delantero","-AMC-AMR-",188,78,"Bryan","Ruiz",1985-08-17 19:00:00,10,"AM(CR)","Attacking Midfielder (Center, Right)","Bryan Ruiz",28,1,0,0,0,0,0,0,0,40,31,0,2,0,1,1,0,1,0,0,0,0,0,2,0,2,0,5,3,0,0,4,2,1,0
"77",14063,"Colombia","Defensa","-DC-DR-",186,78,"Cristian","Zapata",1986-09-29 19:00:00,8,"D(CR)","Defender (Center, Right)","Cristian Zapata",27,1,0,0,0,0,0,0,0,21,14,2,0,3,1,3,0,4,1,1,0,0,0,0,0,3,0,0,0,0,0,3,1,0,0
"76",14067,"Colombia","Mediocampo","-MC-",185,82,"Abel","Aguilar",1985-01-05 19:00:00,7,"M(C)","Midfielder (Center)","Abel Aguilar",29,0,0,0,0,0,0,0,0,0,0,0,0,0,0,0,0,0,0,0,0,0,0,0,0,0,0,0,0,0,0,0,0,0,0
"5",14079,"Argentina","Defensa","-DC-",185,80,"Ezequiel","Garay",1986-10-09 19:00:00,5,"D(C)","Defender (Center)","Ezequiel Garay",27,1,0,0,0,0,0,0,0,25,22,4,1,1,5,1,2,12,0,0,0,1,0,0,0,0,0,0,0,0,0,3,2,0,0
"167",14107,"Netherlands","Defensa","-DC-",189,80,"Ron","Vlaar",1985-02-15 19:00:00,6,"D(C)","Defender (Center)","Ron Vlaar",29,1,0,0,0,0,0,0,0,79,76,4,0,3,4,0,1,8,0,2,1,1,0,0,0,0,0,0,0,0,0,4,3,0,0
"61",14149,"Brazil","Arquero","-GK-",186,80,"Julio Cesar","Soares De Espindola",1979-09-02 19:00:00,15,"GK","Goalkeeper","Julio César",34,1,0,0,1,0,0,0,0,10,5,0,0,0,0,1,0,1,0,0,0,0,0,0,0,0,0,0,0,0,0,7,3,0,0
"8",14244,"Argentina","Defensa","-DL-DR-",174,74,"Pablo","Zabaleta",1985-01-15 19:00:00,8,"D(LR)","Defender (Left, Right)","Pablo Zabaleta",29,1,0,0,0,0,0,0,0,22,19,0,0,3,1,0,0,4,1,0,0,0,0,0,0,0,0,1,0,1,0,3,2,0,0
"18",14260,"Argentina","Delantero","-AMC-AML-FW-",173,70,"Sergio","Agüero",1988-06-01 19:00:00,18,"AM(CL),FW","Attacking Midfielder (Center, Left) / Forward","Sergio Agüero",26,0,0,0,0,0,0,0,0,0,0,0,0,0,0,0,0,0,0,0,0,0,0,0,0,0,0,0,0,0,0,0,0,0,0
"117",14296,"France","Delantero","-AML-AMR-FW-",187,79,"Karim","Benzema",1987-12-18 19:00:00,2,"AM(LR),FW","Attacking Midfielder (Left, Right) / Forward","Karim Benzema",26,1,0,0,0,0,0,0,0,12,11,0,1,1,0,1,0,1,0,7,2,0,0,0,3,0,1,1,0,1,1,0,0,0,0
"19",14871,"Argentina","Delantero","-AMC-AML-AMR-FW-",175,66,"Rodrigo","Palacio",1982-02-04 19:00:00,19,"AM(CLR),FW","Attacking Midfielder (Center, Left, Right) / Forward","Rodrigo Palacio",32,0,1,0,0,0,0,0,0,12,10,1,2,1,0,1,0,0,0,1,0,0,0,0,0,0,0,1,1,0,0,0,0,0,0
"57",15418,"Brazil","Delantero","-FW-",185,75,"Frederico","Chaves Guedes",1983-10-02 19:00:00,11,"FW","Forward","Fred",30,1,0,0,0,0,0,0,0,24,17,2,2,0,1,4,0,2,0,1,0,0,0,0,0,3,0,2,1,0,0,2,1,0,0
"38",15834,"Belgium","Mediocampo","-AMC-AML-AMR-FW-",179,68,"Kevin","Mirallas",1987-10-04 19:00:00,15,"AM(CLR),FW","Attacking Midfielder (Center, Left, Right) / Forward","Kevin Mirallas",26,1,0,1,0,0,0,0,0,12,9,0,0,2,0,0,0,0,1,1,0,0,0,0,1,0,0,1,3,1,0,0,0,0,0
"182",16243,"Netherlands","Defensa","-DR-",178,72,"Paul","Verhaegh",1983-08-31 19:00:00,21,"D(R)","Defender (Right)","Paul Verhaegh",30,0,0,0,0,0,0,0,0,0,0,0,0,0,0,0,0,0,0,0,0,0,0,0,0,0,0,0,0,0,0,0,0,0,0
"63",16696,"Brazil","Delantero","-FW-",191,78,"João Alves","de Assis Silva",1987-03-19 19:00:00,17,"FW","Forward","Jô",27,0,0,0,0,0,0,0,0,0,0,0,0,0,0,0,0,0,0,0,0,0,0,0,0,0,0,0,0,0,0,0,0,0,0
"12",16844,"Argentina","Delantero","-AMC-AML-AMR-FW-",173,75,"Ezequiel","Lavezzi",1985-05-02 19:00:00,12,"AM(CLR),FW","Attacking Midfielder (Center, Left, Right) / Forward","Ezequiel Lavezzi",29,1,0,1,0,0,0,0,0,25,19,0,0,3,1,0,0,1,1,1,0,0,0,1,2,1,0,2,0,3,1,1,0,0,0
"56",16886,"Brazil","Delantero","-AML-AMR-FW-",180,85,"Givanildo","Vieira de Souza",1986-07-24 19:00:00,10,"AM(LR),FW","Attacking Midfielder (Left, Right) / Forward","Hulk",27,1,0,1,0,0,0,0,0,21,18,4,1,1,0,4,0,4,0,3,2,0,0,1,2,3,0,1,0,1,0,1,0,0,0
"62",17108,"Brazil","Mediocampo","-MC-",180,76,"Anderson Hernanes","de Carvalho Andrade Lima",1985-05-28 19:00:00,16,"M(C)","Midfielder (Center)","Hernanes",29,0,1,0,0,0,0,0,0,2,1,0,0,0,0,1,0,0,0,0,0,0,0,0,1,0,0,0,1,0,0,1,0,0,0
"93",17455,"Costa Rica","Defensa","-DL-",188,76,"Roy","Miller",1984-11-23 19:00:00,1,"D(L)","Defender (Left)","Roy Miller",29,0,0,0,0,0,0,0,0,0,0,0,0,0,0,0,0,0,0,0,0,0,0,0,0,0,0,0,0,0,0,0,0,0,0
"108",17456,"Costa Rica","Delantero",NA,173,69,"Randall","Brenes",1983-08-12 19:00:00,16,"FW","Forward","Randall Brenes",30,0,0,0,0,0,0,0,0,0,0,0,0,0,0,0,0,0,0,0,0,0,0,0,0,0,0,0,0,0,0,0,0,0,0
"11",17651,"Argentina","Mediocampo","-DMC-",178,73,"Fernando","Gago",1986-04-09 18:00:00,11,"DM(C)","Defensive Midfielder (Center)","Fernando Gago",28,0,1,0,0,0,0,0,0,6,5,0,0,0,0,0,0,1,0,0,0,0,0,1,0,0,0,0,0,0,0,0,0,0,0
"119",17778,"France","Mediocampo","-DMC-ML-",175,70,"Blaise","Matuidi",1987-04-08 19:00:00,4,"DM(C),M(L)","Defensive Midfielder (Center) / Midfielder (Left)","Blaise Matuidi",27,1,0,0,0,0,0,0,0,34,25,0,0,2,0,1,0,0,1,1,1,0,0,0,2,2,0,3,2,2,0,4,0,0,0
"23",18208,"Argentina","Arquero","-GK-",194,87,"Mariano","Andujar",1983-07-29 19:00:00,23,"GK","Goalkeeper","Mariano Andujar",30,0,0,0,0,0,0,0,0,0,0,0,0,0,0,0,0,0,0,0,0,0,0,0,0,0,0,0,0,0,0,0,0,0,0
"177",19087,"Netherlands","Mediocampo","-MC-MR-",174,70,"Jonathan","de Guzmán",1987-09-12 19:00:00,16,"M(CR)","Midfielder (Center, Right)","Jonathan de Guzmán",26,0,0,0,0,0,0,0,0,0,0,0,0,0,0,0,0,0,0,0,0,0,0,0,0,0,0,0,0,0,0,0,0,0,0
"54",19119,"Brazil","Mediocampo","-DMC-",179,67,"Fernando","Luiz Rosa",1985-05-03 19:00:00,8,"DM(C)","Defensive Midfielder (Center)","Fernandinho",29,1,0,0,0,0,0,0,0,35,32,2,1,5,1,4,0,4,3,1,0,0,0,0,3,3,0,0,0,1,0,6,5,0,0
"43",19155,"Belgium","Mediocampo","-DMC-",173,64,"Steven","Defour",1988-04-14 19:00:00,20,"DM(C)","Defensive Midfielder (Center)","Steven Defour",26,0,0,0,0,0,0,0,0,0,0,0,0,0,0,0,0,0,0,0,0,0,0,0,0,0,0,0,0,0,0,0,0,0,0
"184",19270,"Netherlands","Arquero","-GK-",183,84,"Michel","Vorm",1983-10-19 19:00:00,23,"GK","Goalkeeper","Michel Vorm",30,0,0,0,0,0,0,0,0,0,0,0,0,0,0,0,0,0,0,0,0,0,0,0,0,0,0,0,0,0,0,0,0,0,0
"116",19471,"France","Defensa","-DC-DR-",176,72,"Bacary","Sagna",1983-02-13 19:00:00,1,"D(CR)","Defender (Center, Right)","Bacary Sagna",31,0,0,0,0,0,0,0,0,0,0,0,0,0,0,0,0,0,0,0,0,0,0,0,0,0,0,0,0,0,0,0,0,0,0
"25",19582,"Belgium","Defensa","-DC-",188,83,"Nicolas","Lombaerts",1985-03-19 19:00:00,2,"D(C)","Defender (Center)","Nicolas Lombaerts",29,0,0,0,0,0,0,0,0,0,0,0,0,0,0,0,0,0,0,0,0,0,0,0,0,0,0,0,0,0,0,0,0,0,0
"44",19661,"Belgium","Defensa",NA,180,65,"Laurent","Ciman",1985-08-04 19:00:00,21,"D","Defender","Laurent Ciman",28,0,0,0,0,0,0,0,0,0,0,0,0,0,0,0,0,0,0,0,0,0,0,0,0,0,0,0,0,0,0,0,0,0,0
"14",19729,"Argentina","Delantero","-AMR-FW-",184,79,"Gonzalo","Higuaín",1987-12-09 19:00:00,14,"AM(R),FW","Attacking Midfielder (Right) / Forward","Gonzalo Higuaín",26,1,0,1,0,0,0,1,0,23,19,0,2,1,1,1,0,0,1,3,1,0,0,0,1,3,1,4,3,0,0,3,2,0,0
"10",20037,"Argentina","Defensa",NA,188,78,"José","Basanta",1984-04-02 18:00:00,10,"D","Defender","José Basanta",30,1,0,0,0,0,0,0,0,27,21,0,3,1,3,1,3,6,0,0,0,0,0,0,0,1,0,1,0,2,1,1,1,0,0
"53",20241,"Brazil","Defensa","-DL-MC-ML-",174,75,"Marcelo Vieira","Da Silva Junior",1988-05-11 19:00:00,7,"D(L),M(CL)","Defender (Left) / Midfielder (Center, Left)","Marcelo",26,1,0,0,0,0,0,0,0,31,27,0,1,4,3,5,1,4,0,2,0,0,0,2,1,2,0,0,1,2,0,1,1,0,0
"96",20960,"Costa Rica","Defensa",NA,183,78,"Michael","Umaña",1982-07-15 19:00:00,4,"D","Defender","Michael Umaña",31,1,0,0,1,0,0,0,0,27,22,2,1,1,2,1,2,7,3,0,0,0,0,0,0,1,0,0,0,0,0,7,6,0,0
"103",20969,"Costa Rica","Mediocampo","-MR-",175,67,"Christian","Bolaños",1984-05-16 19:00:00,11,"M(R)","Midfielder (Right)","Christian Bolaños",30,1,0,0,0,0,0,0,0,27,16,1,3,1,1,2,0,1,3,3,0,2,0,1,1,1,0,3,0,5,1,5,1,1,0
"140",21541,"Germany","Defensa","-DC-DMC-",192,90,"Mats","Hummels",1988-12-15 19:00:00,2,"D(C),DM(C)","Defender (Center) / Defensive Midfielder (Center)","Mats Hummels",25,1,0,0,0,0,0,1,0,40,34,2,1,0,2,1,1,7,2,2,1,3,0,0,0,1,0,0,0,0,0,4,3,0,0
"26",21778,"Belgium","Defensa","-DC-DL-",189,86,"Jan","Vertonghen",1987-04-23 19:00:00,3,"D(CL)","Defender (Center, Left)","Jan Vertonghen",27,1,0,0,0,0,0,0,0,37,28,0,0,2,0,0,0,1,1,0,0,2,0,2,4,2,0,1,2,5,2,6,2,0,0
"16",22117,"Argentina","Mediocampo","-MC-",177,71,"Enzo","Pérez",1986-02-21 19:00:00,16,"M(C)","Midfielder (Center)","Enzo Pérez",28,0,1,0,0,0,0,0,0,18,17,0,0,2,0,0,0,0,2,0,0,0,0,1,1,1,0,2,2,0,0,2,2,0,0
"17",22205,"Argentina","Mediocampo","-DMC-",178,63,"Lucas","Biglia",1986-01-29 19:00:00,17,"DM(C)","Defensive Midfielder (Center)","Lucas Biglia",28,1,0,0,1,0,0,0,0,36,32,2,1,1,2,3,0,3,1,0,0,0,0,2,0,3,0,1,0,0,0,1,1,0,0
"181",22319,"Netherlands","Arquero","-GK-",188,74,"Tim","Krul",1988-04-02 18:00:00,20,"GK","Goalkeeper","Tim Krul",26,0,1,0,0,0,0,0,0,0,0,0,0,0,0,0,0,0,0,0,0,0,0,0,0,0,0,0,0,0,0,0,0,0,0
"85",22701,"Colombia","Mediocampo","-AMC-",183,77,"Fredy","Guarín",1986-06-29 19:00:00,16,"AM(C)","Attacking Midfielder (Center)","Fredy Guarín",28,1,0,0,0,0,0,0,0,40,31,2,0,3,2,2,0,0,3,2,0,0,0,1,1,2,0,3,0,2,0,2,1,1,0
"32",22738,"Belgium","Mediocampo","-MC-",194,85,"Marouane","Fellaini",1987-11-21 19:00:00,9,"M(C)","Midfielder (Center)","Marouane Fellaini",26,1,0,0,0,0,0,0,0,44,32,6,5,2,0,5,0,0,2,1,0,0,0,0,0,1,3,1,1,1,0,0,0,2,0
"133",23054,"France","Delantero","-AML-AMR-FW-",185,80,"Loïc","Remy",1987-01-01 19:00:00,18,"AM(LR),FW","Attacking Midfielder (Left, Right) / Forward","Loïc Remy",27,0,1,0,0,0,0,0,0,11,11,0,0,0,0,0,0,0,0,0,0,0,0,1,0,1,0,1,0,2,1,0,0,0,0
"37",23100,"Belgium","Mediocampo","-AML-AMR-",164,61,"Dries","Mertens",1987-05-05 19:00:00,14,"AM(LR)","Attacking Midfielder (Left, Right)","Dries Mertens",27,0,1,0,0,0,0,0,0,9,8,0,0,0,0,1,0,0,0,1,0,0,0,0,0,0,0,0,0,2,1,2,2,0,0
"2",23110,"Argentina","Mediocampo","-AMC-AML-AMR-",180,70,"Ángel","Di María",1988-02-13 19:00:00,2,"AM(CLR)","Attacking Midfielder (Center, Left, Right)","Ángel Di María",26,1,0,1,0,0,0,0,0,8,6,0,0,0,0,0,0,0,3,3,0,0,0,0,2,0,0,1,1,0,0,2,2,0,0
"145",23589,"Germany","Defensa","-DC-DL-DR-",192,90,"Jerome","Boateng",1988-09-02 19:00:00,7,"D(CLR)","Defender (Center, Left, Right)","Jerome Boateng",25,1,0,0,0,0,0,0,0,49,35,3,1,1,3,0,0,8,2,0,0,0,0,0,0,0,0,1,0,0,0,12,4,0,0
"105",23816,"Costa Rica","Delantero","-AMC-",186,81,"Celso","Borges",1988-05-26 19:00:00,13,"AM(C)","Attacking Midfielder (Center)","Celso Borges",26,1,0,0,0,0,0,0,0,30,26,2,1,1,2,1,0,9,1,0,0,0,0,1,0,1,0,0,4,0,0,4,3,0,0
"97",24372,"Costa Rica","Defensa","-DL-",185,76,"Júnior Enrique","Díaz Campbell",1983-09-11 19:00:00,5,"D(L)","Defender (Left)","Júnior Díaz",30,1,0,0,1,0,0,0,0,26,14,2,5,3,0,3,0,9,4,0,0,1,0,0,0,0,0,0,0,1,0,2,1,0,0
"83",24419,"Colombia","Defensa","-DL-ML-",174,73,"Pablo","Armero",1986-11-01 19:00:00,14,"D(L),M(L)","Defender (Left) / Midfielder (Left)","Pablo Armero",27,1,0,0,0,0,0,0,0,27,22,0,1,-1,2,0,0,4,0,0,0,0,0,1,1,2,1,0,1,5,1,4,1,0,0
"81",24420,"Colombia","Delantero","-AML-FW-",185,74,"Adrián","Ramos",1986-01-21 19:00:00,12,"AM(L),FW","Attacking Midfielder (Left) / Forward","Adrián Ramos",28,0,1,0,0,0,0,0,0,13,9,1,2,1,1,1,0,0,0,2,0,0,0,0,2,0,0,0,4,0,0,1,0,0,0
"131",24444,"France","Delantero","-FW-",192,88,"Olivier","Giroud",1986-09-29 19:00:00,16,"FW","Forward","Olivier Giroud",27,0,1,0,0,0,0,0,0,2,1,1,1,0,0,2,0,0,0,0,0,0,0,1,0,0,0,0,2,0,0,0,0,0,0
"141",24814,"Germany","Defensa","-DC-DL-DR-",187,80,"Benedikt","Höwedes",1988-02-28 19:00:00,3,"D(CLR)","Defender (Center, Left, Right)","Benedikt Höwedes",26,1,0,0,0,0,0,0,0,21,16,1,3,9,2,1,2,4,0,1,0,0,0,0,0,1,0,0,0,0,0,1,1,0,0
"118",24929,"France","Mediocampo","-AMC-AML-AMR-",167,58,"Mathieu","Valbuena",1984-09-27 19:00:00,3,"AM(CLR)","Attacking Midfielder (Center, Left, Right)","Mathieu Valbuena",29,1,0,1,0,0,0,0,0,31,26,1,1,0,0,1,0,0,0,2,1,0,0,1,0,2,1,5,1,10,1,2,1,0,0
"29",25191,"Belgium","Mediocampo","-DMC-",183,73,"Axel","Witsel",1989-01-11 19:00:00,6,"DM(C)","Defensive Midfielder (Center)","Axel Witsel",25,1,0,0,0,0,0,0,0,55,50,0,0,2,3,1,0,2,3,2,0,0,0,1,0,3,0,1,0,0,0,5,4,1,0
"128",25604,"France","Arquero","-GK-",188,73,"Hugo","Lloris",1986-12-25 19:00:00,13,"GK","Goalkeeper","Hugo Lloris",27,1,0,0,0,0,0,0,0,23,16,0,0,0,0,0,0,1,0,0,0,0,0,0,0,0,0,0,0,0,0,11,4,0,0
"138",25608,"France","Arquero","-GK-",188,90,"Stéphane","Ruffier",1986-09-26 19:00:00,23,"GK","Goalkeeper","Stéphane Ruffier",27,0,0,0,0,0,0,0,0,0,0,0,0,0,0,0,0,0,0,0,0,0,0,0,0,0,0,0,0,0,0,0,0,0,0
"22",25956,"Argentina","Mediocampo","-AMC-AML-AMR-",177,71,"Augusto","Fernández",1986-04-09 18:00:00,22,"AM(CLR)","Attacking Midfielder (Center, Left, Right)","Augusto Fernández",28,0,0,0,0,0,0,0,0,0,0,0,0,0,0,0,0,0,0,0,0,0,0,0,0,0,0,0,0,0,0,0,0,0,0
"80",26682,"Colombia","Defensa","-DL-MC-ML-MR-",172,72,"Juan","Zuñiga",1985-12-13 19:00:00,11,"D(L),M(CLR)","Defender (Left) / Midfielder (Center, Left, Right)","Juan Zuñiga",28,1,0,0,0,0,0,0,0,20,18,0,2,1,3,2,0,1,1,0,0,0,0,0,0,5,0,0,0,0,0,1,0,0,0
"78",26720,"Colombia","Mediocampo","-DMC-",182,80,"Carlos","Sánchez",1986-02-05 19:00:00,9,"DM(C)","Defensive Midfielder (Center)","Carlos Sánchez",28,1,0,0,0,0,0,0,0,25,20,1,2,0,2,2,0,0,1,0,0,0,0,1,0,1,0,1,0,0,0,1,1,0,0
"113",26740,"Costa Rica","Mediocampo",NA,183,74,"Óscar Esteban","Granados Maroto",1985-10-24 19:00:00,21,"M","Midfielder","Esteban Granados",28,0,0,0,0,0,0,0,0,0,0,0,0,0,0,0,0,0,0,0,0,0,0,0,0,0,0,0,0,0,0,0,0,0,0
"21",27009,"Argentina","Arquero",NA,190,83,"Agustín","Orión",1981-07-25 19:00:00,21,"GK","Goalkeeper","Agustín Orión",32,0,0,0,0,0,0,0,0,0,0,0,0,0,0,0,0,0,0,0,0,0,0,0,0,0,0,0,0,0,0,0,0,0,0
"73",27494,"Colombia","Delantero","-FW-",184,75,"Jackson","Martínez",1986-10-02 19:00:00,4,"FW","Forward","Jackson Martínez",27,0,0,0,0,0,0,0,0,0,1,0,0,0,0,0,0,0,0,0,0,0,0,0,0,0,0,1,0,0,0,0,0,0,0
"179",27512,"Netherlands","Delantero","-AML-AMR-FW-",178,80,"Jeremain","Lens",1987-11-23 19:00:00,18,"AM(LR),FW","Attacking Midfielder (Left, Right) / Forward","Jeremain Lens",26,0,1,0,0,0,0,0,0,13,10,0,0,0,0,0,0,0,0,0,0,0,0,1,1,0,4,2,0,0,0,1,1,0,0
"50",27586,"Brazil","Defensa","-DC-DMC-",189,86,"David","Luiz Moreira Marinho",1987-04-21 19:00:00,4,"D(C),DM(C)","Defender (Center) / Defensive Midfielder (Center)","David Luiz",27,1,0,0,0,0,0,1,0,22,18,1,0,1,5,2,1,6,0,1,1,0,0,0,1,2,0,1,-1,0,0,8,5,0,0
"60",28191,"Brazil","Mediocampo","-MC-ML-MR-",180,70,"Ramires","Santos do Nascimento",1987-03-23 19:00:00,14,"M(CLR)","Midfielder (Center, Left, Right)","Ramires",27,0,1,0,0,0,0,0,0,2,1,0,0,0,0,0,0,2,1,0,0,0,0,0,0,1,0,0,0,0,0,0,0,0,0
"52",28550,"Brazil","Defensa","-DC-",183,79,"Thiago Emiliano","da Silva",1984-09-21 19:00:00,6,"D(C)","Defender (Center)","Thiago Silva",29,1,0,0,1,0,0,1,0,26,23,5,2,0,3,2,1,14,0,1,1,3,0,0,0,2,0,0,0,0,0,4,2,0,0
"64",29463,"Brazil","Mediocampo","-AMC-AML-AMR-",175,75,"Willian","Borges Da Silva",1988-08-08 19:00:00,18,"AM(CLR)","Attacking Midfielder (Center, Left, Right)","Willian",25,0,0,0,0,0,0,0,0,-1,0,0,0,0,0,0,0,0,0,0,0,0,0,0,0,0,0,0,0,0,0,0,0,0,0
"124",29544,"France","Mediocampo","-DMC-",181,75,"Morgan","Schneiderlin",1989-11-07 19:00:00,9,"DM(C)","Defensive Midfielder (Center)","Morgan Schneiderlin",24,0,0,0,0,0,0,0,0,0,0,0,0,0,0,0,0,0,0,0,0,0,0,0,0,0,0,0,0,0,0,0,0,0,0
"126",29575,"France","Defensa","-DC-",187,83,"Mamadou","Sakho",1990-02-12 19:00:00,11,"D(C)","Defender (Center)","Mamadou Sakho",24,1,0,1,0,0,0,0,0,39,34,5,2,0,0,0,0,5,0,1,0,2,0,0,0,0,0,0,0,0,0,4,3,0,0
"132",29595,"France","Mediocampo","-MC-MR-",187,83,"Moussa","Sissoko",1989-08-15 19:00:00,17,"M(CR)","Midfielder (Center, Right)","Moussa Sissoko",24,0,0,0,0,0,0,0,0,0,0,0,0,0,0,0,0,0,0,0,0,0,0,0,0,0,0,0,0,0,0,0,0,0,0
"129",30051,"France","Defensa","-DC-",186,75,"Laurent","Koscielny",1985-09-09 19:00:00,14,"D(C)","Defender (Center)","Laurent Koscielny",28,0,1,0,0,0,0,0,0,10,9,0,0,0,0,0,0,1,0,0,0,0,0,0,0,0,0,0,0,0,0,4,3,0,0
"82",30987,"Colombia","Delantero",NA,181,73,"Teófilo","Gutiérrez",1985-05-16 19:00:00,13,"FW","Forward","Teófilo Gutiérrez",29,1,0,1,0,0,0,0,0,22,14,3,4,0,0,2,0,0,1,0,0,0,0,0,0,0,0,1,2,1,0,1,1,0,0
"158",31005,"Germany","Defensa","-DR-MC-ML-MR-",186,72,"Kevin","Großkreutz",1988-07-18 19:00:00,20,"D(R),M(CLR)","Defender (Right) / Midfielder (Center, Left, Right)","Kevin Großkreutz",25,0,0,0,0,0,0,0,0,0,0,0,0,0,0,0,0,0,0,0,0,0,0,0,0,0,0,0,0,0,0,0,0,0,0
"142",31772,"Germany","Mediocampo","-MC-ML-MR-",182,78,"Toni","Kroos",1990-01-03 19:00:00,4,"M(CLR)","Midfielder (Center, Left, Right)","Toni Kroos",24,1,0,1,0,0,0,0,1,33,28,0,0,1,0,2,0,0,1,2,0,0,0,3,0,3,0,2,0,7,2,5,3,0,0
"164",32323,"Netherlands","Defensa","-DR-",185,80,"Daryl","Janmaat",1989-07-21 19:00:00,3,"D(R)","Defender (Right)","Daryl Janmaat",24,0,0,0,0,0,0,0,0,0,0,0,0,0,0,0,0,0,0,0,0,0,0,0,0,0,0,0,0,0,0,0,0,0,0
"88",32629,"Colombia","Mediocampo",NA,177,77,"Alexander","Mejía",1988-07-10 19:00:00,19,"M","Midfielder","Alexander Mejía",25,0,0,0,0,0,0,0,0,-1,0,0,0,0,-1,0,0,0,1,0,0,0,0,0,0,0,0,0,0,0,0,0,0,0,0
"27",33404,"Belgium","Delantero","-AMC-AML-AMR-",173,74,"Eden","Hazard",1991-01-06 19:00:00,4,"AM(CLR)","Attacking Midfielder (Center, Left, Right)","Eden Hazard",23,1,0,1,1,0,0,0,0,30,22,0,1,0,6,1,0,0,0,0,0,0,0,1,2,1,0,3,0,1,0,1,0,1,0
"174",33568,"Netherlands","Mediocampo","-AMC-",173,69,"Georginio","Wijnaldum",1990-11-10 19:00:00,13,"AM(C)","Attacking Midfielder (Center)","Georginio Wijnaldum",23,1,0,0,0,0,0,0,0,60,55,3,3,1,0,1,0,2,0,1,0,0,0,1,0,1,0,0,0,0,0,7,7,0,0
"67",33690,"Brazil","Arquero","-GK-",190,80,"Jefferson","de Oliveira Galvao",1983-01-01 19:00:00,21,"GK","Goalkeeper","Jefferson",31,0,0,0,0,0,0,0,0,0,0,0,0,0,0,0,0,0,0,0,0,0,0,0,0,0,0,0,0,0,0,0,0,0,0
"13",33831,"Argentina","Arquero","-GK-",192,83,"Sergio","Romero",1987-02-21 19:00:00,13,"GK","Goalkeeper","Sergio Romero",27,1,0,0,0,0,0,0,0,22,8,0,0,0,0,0,0,0,0,0,0,0,0,0,0,0,0,0,0,0,0,15,2,0,0
"41",34302,"Belgium","Mediocampo","-AMC-AML-",187,80,"Nacer","Chadli",1989-08-01 19:00:00,18,"AM(CL)","Attacking Midfielder (Center, Left)","Nacer Chadli",24,0,1,0,0,0,0,0,0,5,5,0,0,0,0,0,0,0,0,0,0,0,0,0,1,0,1,0,0,1,1,0,0,0,0
"169",35174,"Netherlands","Mediocampo","-MC-",188,79,"Leroy","Fer",1990-01-04 19:00:00,8,"M(C)","Midfielder (Center)","Leroy Fer",24,0,0,0,0,0,0,0,0,0,0,0,0,0,0,0,0,0,0,0,0,0,0,0,0,0,0,0,0,0,0,0,0,0,0
"99",35776,"Costa Rica","Defensa","-DR-",173,70,"Cristian","Gamboa",1989-10-23 19:00:00,7,"D(R)","Defender (Right)","Cristian Gamboa",24,1,0,1,0,0,0,0,0,15,10,1,1,5,0,2,2,3,1,0,0,0,0,0,2,2,0,0,0,3,0,0,0,0,0
"58",36399,"Brazil","Mediocampo","-MC-",181,77,"José Paulo","Bezerra Maciel Júnior",1988-07-24 19:00:00,12,"M(C)","Midfielder (Center)","Paulinho",25,1,0,1,0,0,0,0,0,22,18,1,1,5,0,3,0,1,2,0,0,0,0,0,2,1,0,0,1,0,0,1,1,0,0
"72",36745,"Colombia","Arquero","-GK-",183,80,"David","Ospina",1988-08-30 19:00:00,3,"GK","Goalkeeper","David Ospina",25,1,0,0,0,0,0,0,0,6,5,0,0,0,0,0,0,0,0,0,0,0,0,0,0,1,0,0,0,0,0,4,3,0,0
"139",37099,"Germany","Mediocampo","-AMC-AML-AMR-FW-",186,75,"Thomas","Müller",1989-09-12 19:00:00,1,"AM(CLR),FW","Attacking Midfielder (Center, Left, Right) / Forward","Thomas Müller",24,1,0,0,0,0,0,0,0,34,23,1,5,2,0,5,0,0,2,1,0,1,0,3,1,4,0,1,5,0,0,3,1,0,0
"107",39316,"Costa Rica","Delantero",NA,179,72,"Marcos","Ureña",1990-03-04 19:00:00,15,"FW","Forward","Marcos Ureña",24,0,1,0,0,0,0,0,0,11,8,0,7,0,0,0,0,1,0,1,1,1,0,0,1,0,0,1,3,0,0,0,0,0,0
"69",40667,"Brazil","Arquero","-GK-",193,84,"Victor Leandro","Bagy",1983-01-20 19:00:00,23,"GK","Goalkeeper","Victor",31,0,0,0,0,0,0,0,0,0,0,0,0,0,0,0,0,0,0,0,0,0,0,0,0,0,0,0,0,0,0,0,0,0,0
"65",40765,"Brazil","Defensa","-DC-DR-",187,84,"Henrique","Adriano Buss",1986-10-13 19:00:00,19,"D(CR)","Defender (Center, Right)","Henrique",27,0,1,0,0,0,0,0,0,1,1,0,0,1,0,0,0,0,0,0,0,1,0,0,0,0,0,0,0,0,0,0,0,0,0
"110",41034,"Costa Rica","Mediocampo",NA,177,71,"Michael","Barrantes",1983-10-03 19:00:00,18,"M","Midfielder","Michael Barrantes",30,0,0,0,0,0,0,0,0,0,0,0,0,0,0,0,0,0,0,0,0,0,0,0,0,0,0,0,0,0,0,0,0,0,0
"49",41065,"Brazil","Mediocampo","-AMC-AML-AMR-",179,67,"Oscar","dos Santos Emboaba Junior",1991-09-08 19:00:00,3,"AM(CLR)","Attacking Midfielder (Center, Left, Right)","Oscar",22,1,0,0,0,0,0,0,0,35,28,1,1,5,1,2,0,2,4,1,1,0,0,1,0,1,0,0,1,0,0,1,1,0,0
"20",41489,"Argentina","Mediocampo","-AMC-AML-AMR-",188,73,"Ricardo","Álvarez",1988-04-11 19:00:00,20,"AM(CLR)","Attacking Midfielder (Center, Left, Right)","Ricardo Álvarez",26,0,0,0,0,0,0,0,0,0,0,0,0,0,0,0,0,0,0,0,0,0,0,0,0,0,0,0,0,0,0,0,0,0,0
"48",43369,"Brazil","Mediocampo","-DC-DL-DMC-",187,80,"Luiz Gustavo","Dias",1987-07-22 19:00:00,2,"D(CL),DM(C)","Defender (Center, Left) / Defensive Midfielder (Center)","Luiz Gustavo",26,0,0,0,0,0,0,0,0,0,0,0,0,0,0,0,0,0,0,0,0,0,0,0,0,0,0,0,0,0,0,0,0,0,0
"6",44847,"Argentina","Defensa","-DC-",190,83,"Federico","Fernández",1989-02-20 19:00:00,6,"D(C)","Defender (Center)","Federico Fernández",25,0,0,0,0,0,0,0,0,0,0,0,0,0,0,0,0,0,0,0,0,0,0,0,0,0,0,0,0,0,0,0,0,0,0
"71",44868,"Colombia","Mediocampo","-DR-FW-MC-ML-MR-",176,66,"Juan Guillermo","Cuadrado",1988-05-25 19:00:00,2,"D(R),M(CLR),FW","Defender (Right) / Midfielder (Center, Left, Right) / Forward","Juan Guillermo Cuadrado",26,1,0,1,0,0,0,0,0,19,12,1,1,1,0,3,0,0,3,3,1,0,0,1,1,6,0,8,1,1,0,1,0,0,0
"47",50835,"Brazil","Delantero","-AMC-AML-AMR-",174,64,"Neymar da Silva","Santos Júnior",1992-02-04 19:00:00,1,"AM(CLR)","Attacking Midfielder (Center, Left, Right)","Neymar",22,1,0,1,0,0,0,0,1,32,22,0,1,3,0,1,0,0,0,3,0,1,0,4,3,4,0,1,2,6,2,2,1,0,0
"46",52197,"Belgium","Arquero","-GK-",193,87,"Simon","Mignolet",1988-03-05 19:00:00,23,"GK","Goalkeeper","Simon Mignolet",26,0,0,0,0,0,0,0,0,0,0,0,0,0,0,0,0,0,0,0,0,0,0,0,0,0,0,0,0,0,0,0,0,0,0
"45",52201,"Belgium","Arquero","-GK-",187,73,"Sammy","Bossut",1985-08-10 19:00:00,22,"GK","Goalkeeper","Sammy Bossut",28,0,0,0,0,0,0,0,0,0,0,0,0,0,0,0,0,0,0,0,0,0,0,0,0,0,0,0,0,0,0,0,0,0,0
"92",53362,"Colombia","Arquero",NA,185,81,"Camilo","Vargas",1989-03-08 19:00:00,23,"GK","Goalkeeper","Camilo Vargas",25,0,0,0,0,0,0,0,0,0,0,0,0,0,0,0,0,0,0,0,0,0,0,0,0,0,0,0,0,0,0,0,0,0,0
"114",53606,"Costa Rica","Arquero",NA,178,74,"Patrick","Pemberton",1982-04-23 18:00:00,22,"GK","Goalkeeper","Patrick Pemberton",32,0,0,0,0,0,0,0,0,0,0,0,0,0,0,0,0,0,0,0,0,0,0,0,0,0,0,0,0,0,0,0,0,0,0
"109",53614,"Costa Rica","Mediocampo",NA,178,73,"José","Cubero",1987-02-13 19:00:00,17,"M","Midfielder","José Cubero",27,0,1,0,0,0,0,0,0,12,6,1,2,0,0,0,0,1,0,0,0,0,0,0,0,0,0,0,0,0,0,1,0,0,0
"75",62065,"Colombia","Defensa",NA,183,80,"Carlos","Valdés",1985-05-21 19:00:00,6,"D","Defender","Carlos Valdés",29,0,0,0,0,0,0,0,0,0,0,0,0,1,2,0,0,0,0,0,0,0,0,0,0,0,0,0,0,0,0,0,0,0,0
"94",62575,"Costa Rica","Defensa","-DC-",191,84,"Giancarlo","Gonzalez",1988-02-07 19:00:00,2,"D(C)","Defender (Center)","Giancarlo Gonzalez",26,1,0,0,1,0,0,0,0,32,27,4,0,3,1,1,6,17,0,1,0,1,0,0,0,2,0,0,0,0,0,7,3,0,0
"111",62699,"Costa Rica","Arquero",NA,183,74,"Daniel","Cambronero",1986-01-07 19:00:00,19,"GK","Goalkeeper","Daniel Cambronero",28,0,0,0,0,0,0,0,0,0,0,0,0,0,0,0,0,0,0,0,0,0,0,0,0,0,0,0,0,0,0,0,0,0,0
"95",65901,"Costa Rica","Arquero","-GK-",184,78,"Keylor","Navas",1986-12-14 19:00:00,3,"GK","Goalkeeper","Keylor Navas",27,1,0,0,0,0,0,0,0,29,16,1,0,0,0,0,0,2,0,0,0,0,0,0,0,1,0,0,0,0,0,21,8,0,0
"161",67300,"Germany","Arquero","-GK-",188,83,"Ron-Robert","Zieler",1989-02-11 19:00:00,23,"GK","Goalkeeper","Ron-Robert Zieler",25,0,0,0,0,0,0,0,0,0,0,0,0,0,0,0,0,0,0,0,0,0,0,0,0,0,0,0,0,0,0,0,0,0,0
"135",68852,"France","Defensa","-DC-",187,74,"Eliaquim","Mangala",1991-02-12 19:00:00,20,"D(C)","Defender (Center)","Eliaquim Mangala",23,0,0,0,0,0,0,0,0,0,0,0,0,0,0,0,0,0,0,0,0,0,0,0,0,0,0,0,0,0,0,0,0,0,0
"31",69933,"Belgium","Defensa","-DC-DR-",186,81,"Toby","Alderweireld",1989-03-01 19:00:00,8,"D(CR)","Defender (Center, Right)","Toby Alderweireld",25,1,0,0,1,0,0,0,0,45,36,1,1,4,0,2,0,5,1,0,0,0,0,1,0,1,0,3,1,2,0,10,7,0,0
"166",70033,"Netherlands","Defensa","-DL-DMC-",180,72,"Daley","Blind",1990-03-08 19:00:00,5,"D(L),DM(C)","Defender (Left) / Defensive Midfielder (Center)","Daley Blind",24,1,0,0,0,0,0,0,0,79,68,2,2,1,3,0,1,2,1,0,0,0,0,1,0,1,0,1,2,1,0,13,10,0,0
"4",70050,"Argentina","Defensa","-DC-",187,80,"Marcos","Rojo",1990-03-19 19:00:00,4,"D(C)","Defender (Center)","Marcos Rojo",24,0,0,0,0,0,0,0,0,0,0,0,0,0,0,0,0,0,0,0,0,0,0,0,0,0,0,0,0,0,0,0,0,0,0
"70",71182,"Colombia","Mediocampo","-AMC-AML-AMR-",180,79,"James","Rodríguez",1991-07-11 19:00:00,1,"AM(CLR)","Attacking Midfielder (Center, Left, Right)","James Rodríguez",22,1,0,0,1,0,0,1,0,41,27,0,0,0,0,2,0,0,1,2,1,0,0,3,5,6,0,3,3,5,2,3,1,1,1
"86",71687,"Colombia","Delantero","-FW-",181,76,"Carlos","Bacca",1986-09-07 19:00:00,17,"FW","Forward","Carlos Bacca",27,0,1,0,0,0,0,0,0,5,4,0,0,0,0,2,0,0,0,1,0,0,0,0,1,1,1,1,0,0,0,0,0,0,0
"24",73084,"Belgium","Mediocampo","-AMC-AML-AMR-",181,76,"Kevin","De Bruyne",1991-06-27 19:00:00,1,"AM(CLR)","Attacking Midfielder (Center, Left, Right)","Kevin De Bruyne",23,1,0,0,0,0,0,0,0,34,23,0,1,4,2,1,0,0,2,3,1,0,0,1,0,0,0,1,1,8,2,6,5,0,0
"35",73798,"Belgium","Arquero","-GK-",198,83,"Thibaut","Courtois",1992-05-10 19:00:00,12,"GK","Goalkeeper","Thibaut Courtois",22,1,0,0,0,0,0,0,0,10,7,1,0,0,0,0,0,1,0,0,0,0,0,0,0,0,0,0,0,0,0,6,3,0,0
"91",74805,"Colombia","Delantero","-AML-AMR-FW-",186,69,"Víctor","Ibarbo",1990-05-18 19:00:00,22,"AM(LR),FW","Attacking Midfielder (Left, Right) / Forward","Víctor Ibarbo",24,1,0,1,0,0,0,0,0,10,6,1,3,1,0,2,0,2,2,0,0,0,0,0,0,3,0,3,0,0,0,1,0,0,0
"150",77461,"Germany","Delantero","-AMC-AML-AMR-FW-",183,72,"André","Schürrle",1990-11-05 19:00:00,12,"AM(CLR),FW","Attacking Midfielder (Center, Left, Right) / Forward","André Schürrle",23,0,1,0,0,0,0,0,0,5,4,0,1,2,2,2,0,1,1,3,2,0,0,0,0,2,0,0,1,1,0,0,0,0,0
"40",78498,"Belgium","Delantero","-FW-",190,94,"Romelu","Lukaku",1993-05-12 19:00:00,17,"FW","Forward","Romelu Lukaku",21,0,1,0,0,0,0,0,0,5,4,1,3,0,0,1,0,0,0,1,0,0,0,1,0,0,1,0,1,1,0,0,0,0,0
"130",80241,"France","Mediocampo","-AML-AMR-FW-",176,67,"Antoine","Griezmann",1991-03-20 19:00:00,15,"AM(LR),FW","Attacking Midfielder (Left, Right) / Forward","Antoine Griezmann",23,1,0,0,0,0,0,0,0,22,13,1,1,1,1,0,0,0,0,1,0,0,0,3,2,3,0,2,3,3,2,2,1,1,1
"148",80382,"Germany","Mediocampo","-AMC-AML-AMR-FW-",176,64,"Mario","Götze",1992-06-02 19:00:00,10,"AM(CLR),FW","Attacking Midfielder (Center, Left, Right) / Forward","Mario Götze",22,0,1,0,0,0,0,0,0,2,1,0,0,1,0,1,0,0,0,0,0,0,0,0,0,1,0,1,0,0,0,0,0,0,0
"153",80921,"Germany","Defensa","-DC-DR-",184,73,"Shkodran","Mustafi",1992-04-16 19:00:00,15,"D(CR)","Defender (Center, Right)","Shkodran Mustafi",22,0,0,0,0,0,0,0,0,0,0,0,0,0,0,0,0,0,0,0,0,0,0,0,0,0,0,0,0,0,0,0,0,0,0
"163",82399,"Netherlands","Defensa","-DC-",189,78,"Stefan","de Vrij",1992-02-04 19:00:00,2,"D(C)","Defender (Center)","Stefan de Vrij",22,1,0,0,0,0,0,0,0,88,75,5,1,5,4,2,0,14,1,0,0,1,0,0,0,0,0,0,1,1,0,18,13,0,0
"137",85693,"France","Mediocampo","-AMC-AML-AMR-",172,66,"Rémy","Cabella",1990-03-07 19:00:00,22,"AM(CLR)","Attacking Midfielder (Center, Left, Right)","Rémy Cabella",24,0,0,0,0,0,0,0,0,0,0,0,0,0,0,0,0,0,0,0,0,0,0,0,0,0,0,0,0,0,0,0,0,0,0
"90",88112,"Colombia","Defensa","-DR-",175,72,"Santiago","Arias",1992-01-12 19:00:00,21,"D(R)","Defender (Right)","Santiago Arias",22,0,0,0,0,0,0,0,0,1,0,0,0,-1,0,0,0,0,0,0,0,0,0,0,0,0,0,0,0,0,0,0,0,0,0
"98",89851,"Costa Rica","Defensa",NA,184,85,"Oscar","Duarte",1989-06-02 19:00:00,6,"D","Defender","Oscar Duarte",25,0,0,0,0,0,0,0,0,0,0,0,0,0,0,0,0,0,0,0,0,0,0,0,0,0,0,0,0,0,0,0,0,0,0
"122",89925,"France","Defensa","-DL-",178,74,"Lucas","Digne",1993-07-19 19:00:00,7,"D(L)","Defender (Left)","Lucas Digne",20,0,0,0,0,0,0,0,0,0,0,0,0,0,0,0,0,0,0,0,0,0,0,0,0,0,0,0,0,0,0,0,0,0,0
"183",90802,"Netherlands","Mediocampo","-MC-",169,66,"Jordy","Clasie",1991-06-26 19:00:00,22,"M(C)","Midfielder (Center)","Jordy Clasie",23,0,0,0,0,0,0,0,0,0,0,0,0,0,0,0,0,0,0,0,0,0,0,0,0,0,0,0,0,0,0,0,0,0,0
"178",90810,"Netherlands","Defensa","-DC-DL-",187,76,"Bruno","Martins Indi",1992-02-07 19:00:00,17,"D(CL)","Defender (Center, Left)","Bruno Martins Indi",22,1,0,1,1,0,0,0,0,87,85,0,0,5,0,2,0,3,1,0,0,0,0,0,0,0,0,0,0,0,0,14,12,0,0
"176",90811,"Netherlands","Arquero","-GK-",187,82,"Jasper","Cillessen",1989-04-21 19:00:00,15,"GK","Goalkeeper","Jasper Cillessen",25,1,0,1,0,0,0,0,0,25,18,0,0,0,0,0,0,0,0,0,0,0,0,0,0,0,0,0,0,0,0,12,5,0,0
"101",91793,"Costa Rica","Defensa",NA,175,77,"Johnny","Acosta",1983-07-20 19:00:00,9,"D","Defender","Johnny Acosta",30,1,0,0,1,0,0,0,0,41,32,2,0,3,1,1,2,8,2,1,0,0,0,0,0,2,0,0,0,0,0,4,2,0,0
"127",93206,"France","Defensa","-DC-DMC-",191,76,"Raphael","Varane",1993-04-24 19:00:00,12,"D(C),DM(C)","Defender (Center) / Defensive Midfielder (Center)","Raphael Varane",21,1,0,0,0,0,0,0,0,46,42,3,1,0,2,0,0,6,0,1,1,1,0,1,0,1,0,0,0,0,0,11,9,0,0
"100",95977,"Costa Rica","Delantero","-AML-AMR-FW-",178,71,"Joel","Campbell",1992-06-25 19:00:00,8,"AM(LR),FW","Attacking Midfielder (Left, Right) / Forward","Joel Campbell",22,1,0,1,0,0,0,0,0,17,11,1,0,0,0,1,0,0,0,0,0,0,0,0,2,1,2,3,3,0,0,0,0,0,0
"112",96296,"Costa Rica","Mediocampo",NA,178,71,"Diego","Calvo",1991-03-24 19:00:00,20,"M","Midfielder","Diego Calvo",23,0,0,0,0,0,0,0,0,0,0,0,0,0,0,0,0,0,0,0,0,0,0,0,0,0,0,0,0,0,0,0,0,0,0
"157",96449,"Germany","Mediocampo","-AMC-AML-",185,74,"Julian","Draxler",1993-09-19 19:00:00,19,"AM(CL)","Attacking Midfielder (Center, Left)","Julian Draxler",20,0,0,0,0,0,0,0,0,0,0,0,0,0,0,0,0,0,0,0,0,0,0,0,0,0,0,0,0,0,0,0,0,0,0
"121",97752,"France","Mediocampo","-DMC-",188,80,"Paul","Pogba",1993-03-14 19:00:00,6,"DM(C)","Defensive Midfielder (Center)","Paul Pogba",21,1,0,0,0,0,0,0,0,38,27,1,1,1,1,3,0,1,0,0,0,0,0,1,6,2,0,3,1,1,0,4,2,0,0
"59",101642,"Brazil","Mediocampo",NA,166,57,"Bernard","Anício Caldeira Duarte",1992-09-07 19:00:00,13,"M","Midfielder","Bernard",21,0,0,0,0,0,0,0,0,0,0,0,0,0,0,0,0,0,0,0,0,0,0,0,0,0,0,0,0,0,0,0,0,0,0
"155",102365,"Germany","Mediocampo","-MC-",189,82,"Christoph","Kramer",1991-02-18 19:00:00,17,"M(C)","Midfielder (Center)","Christoph Kramer",23,0,1,0,0,0,0,0,0,1,0,0,0,1,0,0,0,0,0,0,0,0,0,0,0,0,0,0,0,0,0,0,0,0,0
"104",107327,"Costa Rica","Mediocampo",NA,177,66,"Yeltsin","Tejeda Valverde",1992-03-16 19:00:00,12,"M","Midfielder","Yeltsin Tejeda",22,1,0,1,0,0,0,0,0,26,22,0,1,4,0,0,0,2,1,0,0,1,0,0,0,0,0,0,2,0,0,6,3,0,0
"180",109117,"Netherlands","Defensa","-DC-DL-",183,70,"Terence","Kongolo",1994-02-13 19:00:00,19,"D(CL)","Defender (Center, Left)","Terence Kongolo",20,0,0,0,0,0,0,0,0,0,0,0,0,0,0,0,0,0,0,0,0,0,0,0,0,0,0,0,0,0,0,0,0,0,0
"168",110154,"Netherlands","Delantero","-AML-",176,78,"Memphis","Depay",1994-02-12 19:00:00,7,"AM(L)","Attacking Midfielder (Left)","Memphis Depay",20,1,0,1,0,0,0,0,0,21,17,1,0,1,2,0,0,0,1,1,1,0,0,1,3,0,2,3,1,2,0,0,0,1,0
"159",110182,"Germany","Defensa","-DC-DMC-",188,85,"Matthias","Ginter",1994-01-18 19:00:00,21,"D(C),DM(C)","Defender (Center) / Defensive Midfielder (Center)","Matthias Ginter",20,0,0,0,0,0,0,0,0,0,0,0,0,0,0,0,0,0,0,0,0,0,0,0,0,0,0,0,0,0,0,0,0,0,0
"173",110290,"Netherlands","Defensa","-DC-",184,75,"Joël","Veltman",1992-01-14 19:00:00,12,"D(C)","Defender (Center)","Joël Veltman",22,0,0,0,0,0,0,0,0,0,0,0,0,0,0,0,0,0,0,0,0,0,0,0,0,0,0,0,0,0,0,0,0,0,0
"156",115165,"Germany","Defensa","-DL-",183,73,"Erik","Durm",1992-05-11 19:00:00,18,"D(L)","Defender (Left)","Erik Durm",22,0,0,0,0,0,0,0,0,0,0,0,0,0,0,0,0,0,0,0,0,0,0,0,0,0,0,0,0,0,0,0,0,0,0
"115",116741,"Costa Rica","Defensa","-DL-",176,73,"Waylon","Francis",1990-09-19 19:00:00,23,"D(L)","Defender (Left)","Waylon Francis",23,0,0,0,0,0,0,0,0,0,0,0,0,0,0,0,0,0,0,0,0,0,0,0,0,0,0,0,0,0,0,0,0,0,0
"84",118155,"Colombia","Mediocampo","-AMC-",168,62,"Juan","Quintero",1993-01-17 19:00:00,15,"AM(C)","Attacking Midfielder (Center)","Juan Quintero",21,0,1,0,0,0,0,0,0,7,6,0,0,1,-1,1,0,0,0,0,0,0,0,1,0,0,0,1,0,4,1,3,2,0,0
"34",124688,"Belgium","Delantero","-AML-",185,75,"Divock","Origi",1995-04-17 19:00:00,11,"AM(L)","Attacking Midfielder (Left)","Divock Origi",19,1,0,1,0,0,0,0,0,7,5,1,0,0,0,0,0,0,0,0,0,0,0,0,0,1,1,1,1,0,0,0,0,0,0
"87",125249,"Colombia","Mediocampo",NA,180,77,"Carlos","Carbonero",1990-07-24 19:00:00,18,"M","Midfielder","Carlos Carbonero",23,0,0,0,0,0,0,0,0,0,1,0,0,0,0,0,0,0,0,0,0,0,0,0,0,0,0,0,0,0,0,0,0,0,0
"79",127249,"Colombia","Defensa",NA,180,72,"Eder","Balanta",1993-02-27 19:00:00,10,"D","Defender","Eder Balanta",21,0,0,0,0,0,0,0,0,0,0,0,0,0,1,0,0,0,0,0,0,0,0,0,0,0,0,0,0,0,0,0,0,0,0
"39",130334,"Belgium","Mediocampo","-AML-AMR-",180,75,"Adnan","Januzaj",1995-02-04 19:00:00,16,"AM(LR)","Attacking Midfielder (Left, Right)","Adnan Januzaj",19,0,0,0,0,0,0,0,0,0,0,0,0,0,0,0,0,0,0,0,0,0,0,0,0,0,0,0,0,0,0,0,0,0,0
"106",141881,"Costa Rica","Defensa",NA,185,77,"David","Myrie",1988-05-31 19:00:00,14,"D","Defender","David Myrie",26,0,1,0,0,0,0,0,0,5,4,1,1,1,3,0,1,1,0,0,0,0,0,0,0,1,0,0,1,0,0,0,0,0,0
